"remoteudpport","minroundtrip","successrttcount","remoteip","answerreceived","averagertt","maxroundtrip"
"3478","14","5","13.107.8.2","True","16","24"
"3478","17","5","13.107.8.2","True","34","61"
"3478","14","5","13.107.8.2","True","15","16"
"3478","13","5","13.107.8.2","True","17","26"
"3478","13","5","13.107.8.2","True","14","14"
"3478","9999","0","13.107.8.2","False","0","0"
"3478","16","5","13.107.8.2","True","28","31"
"3478","16","5","13.107.8.2","True","28","31"
"3478","24","5","13.107.8.2","True","26","28"
"3478","22","5","13.107.8.2","True","27","31"
"3478","16","5","13.107.8.2","True","28","36"
"3478","16","5","13.107.8.2","True","25","31"
"3478","28","5","13.107.8.2","True","30","36"
"3478","28","5","13.107.8.2","True","28","28"
"3478","26","5","13.107.8.2","True","28","32"
"3478","28","5","13.107.8.2","True","30","32"
"3478","28","5","13.107.8.2","True","29","32"
"3478","28","5","13.107.8.2","True","28","28"
"3478","28","5","13.107.8.2","True","28","28"
"3478","20","5","13.107.8.2","True","22","29"
"3478","9999","0","13.107.8.2","False","0","0"
"3478","9999","0","13.107.8.2","False","0","0"
"3478","20","5","13.107.8.2","True","21","21"
"3478","17","5","13.107.8.2","True","18","19"
"3478","20","5","13.107.8.2","True","21","21"
"3478","17","5","13.107.8.2","True","18","20"
"3478","21","5","13.107.8.2","True","22","23"
"3478","39","5","13.107.8.2","True","47","75"
"3478","46","5","13.107.8.2","True","51","54"
"3478","53","5","13.107.8.2","True","55","58"
"3478","28","5","13.107.8.2","True","38","44"
"3478","51","5","13.107.8.2","True","55","57"
"3478","0","5","nawsfbedge.netatwork.de","True","13","31"
"3478","0","5","nawsfbedge.netatwork.de","True","4","16"
"3478","33","5","13.107.8.2","True","35","38"
"3478","38","5","13.107.8.2","True","41","43"
"3478","34","5","13.107.8.2","True","36","39"
"3478","37","5","13.107.8.2","True","40","44"
"3478","39","5","13.107.8.2","True","41","44"
"3478","39","5","13.107.8.2","True","42","44"
"3478","33","5","13.107.8.2","True","35","38"
"3478","34","5","13.107.8.2","True","37","41"
"3478","40","5","13.107.8.2","True","49","65"
"3478","9999","0","13.107.8.2","False","0","0"
"3478","9999","0","13.107.8.2","False","0","0"
"3478","21","5","13.107.8.2","True","28","55"
"3478","37","5","13.107.8.2","True","38","42"
"3478","27","5","13.107.8.2","True","29","32"
"3478","34","5","13.107.8.2","True","39","48"
"3478","40","5","13.107.8.2","True","44","51"
"3478","18","5","13.107.8.2","True","20","21"
"3478","26","5","13.107.8.2","True","27","29"
"3478","9999","0","192.168.100.180","False","0","0"
"3478","9999","0","212.184.5.204","False","0","0"
"3478","9999","0","212.184.5.202","False","0","0"
"3478","9999","0","51.144.81.147","False","0","0"
"3480","9999","0","51.144.81.147","False","0","0"
"3480","9999","0","51.144.81.147","False","0","0"
"3478","22","5","52.113.193.5","True","23","25"
"3478","28","5","13.107.8.2","True","40","55"
"3478","9999","0","13.107.8.2","False","0","0"
"3478","33","5","13.107.8.2","True","55","135"
"3478","22","5","13.107.8.2","True","27","42"
"3478","22","5","13.107.8.2","True","28","33"
"3478","22","5","13.107.8.2","True","25","34"
"3478","23","5","13.107.8.2","True","25","28"
"3478","23","5","13.107.8.2","True","24","25"
"3478","23","5","13.107.8.2","True","25","29"
"3478","21","5","13.107.8.2","True","25","32"
"3478","9999","0","13.107.8.2","False","0","0"
"3478","23","5","13.107.8.2","True","25","31"
"3478","22","5","13.107.8.2","True","24","26"
"3478","22","5","13.107.8.2","True","26","33"
"3478","23","5","13.107.8.2","True","32","58"
"3478","21","5","13.107.8.2","True","23","26"
"3478","22","5","13.107.8.2","True","29","47"
"3478","22","5","13.107.8.2","True","24","27"
"3478","22","5","13.107.8.2","True","32","66"
"3478","23","5","13.107.8.2","True","25","27"
"3478","23","5","13.107.8.2","True","25","27"
"3478","22","5","13.107.8.2","True","27","36"
"3478","25","5","13.107.8.2","True","33","49"
"3478","25","5","13.107.8.2","True","72","116"
"3478","20","5","13.107.8.2","True","22","23"
"3478","23","5","13.107.8.2","True","33","63"
"3478","23","5","13.107.8.2","True","27","33"
"3478","22","5","13.107.8.2","True","23","24"
"3478","23","5","13.107.8.2","True","32","51"
"3478","21","5","13.107.8.2","True","23","26"
"3478","23","5","13.107.8.2","True","25","29"
"3478","87","5","13.107.8.2","True","95","108"
"3478","58","5","13.107.8.2","True","72","81"
"3478","24","5","13.107.8.2","True","38","77"
"3478","22","5","13.107.8.2","True","28","46"
"3478","22","5","13.107.8.2","True","24","26"
"3478","23","5","13.107.8.2","True","25","29"
"3478","21","5","13.107.8.2","True","40","99"
"3478","22","5","13.107.8.2","True","24","29"
"3478","21","5","13.107.8.2","True","23","24"
"3478","22","5","13.107.8.2","True","29","54"
"3478","9999","0","13.107.8.2","False","0","0"
"3478","9999","0","13.107.8.2","False","0","0"
"3478","9999","0","13.107.8.2","False","0","0"
"3478","22","5","13.107.8.2","True","24","26"
"3478","21","5","13.107.8.2","True","24","27"
"3478","23","5","13.107.8.2","True","29","36"
"3478","25","5","13.107.8.2","True","26","28"
"3478","21","5","13.107.8.2","True","26","30"
"3478","20","5","13.107.8.2","True","22","23"
"3478","26","5","13.107.8.2","True","33","41"
"3478","21","5","13.107.8.2","True","25","32"
"3478","24","5","13.107.8.2","True","29","36"
"3478","23","5","13.107.8.2","True","25","27"
"3478","25","5","13.107.8.2","True","28","33"
"3478","20","5","13.107.8.2","True","22","23"
"3478","22","5","13.107.8.2","True","27","40"
"3478","22","5","13.107.8.2","True","24","25"
"3478","20","5","13.107.8.2","True","24","30"
"3478","21","5","13.107.8.2","True","31","60"
"3478","22","5","13.107.8.2","True","24","28"
"3478","21","5","13.107.8.2","True","22","23"
"3478","21","5","13.107.8.2","True","29","54"
"3478","22","5","13.107.8.2","True","24","27"
"3478","21","5","13.107.8.2","True","23","25"
"3478","24","5","13.107.8.2","True","26","30"
"3478","20","5","13.107.8.2","True","23","27"
"3478","21","5","13.107.8.2","True","27","36"
"3478","21","5","13.107.8.2","True","22","24"
"3478","21","5","13.107.8.2","True","23","27"
"3478","21","5","13.107.8.2","True","21","22"
"3478","25","5","13.107.8.2","True","28","32"
"3478","21","5","13.107.8.2","True","23","27"
"3478","21","5","13.107.8.2","True","22","23"
"3478","21","5","13.107.8.2","True","21","22"
"3478","21","5","13.107.8.2","True","29","56"
"3478","20","5","13.107.8.2","True","23","28"
"3478","20","5","13.107.8.2","True","22","23"
"3478","21","5","13.107.8.2","True","24","32"
"3478","20","5","13.107.8.2","True","23","26"
"3478","20","5","13.107.8.2","True","23","28"
"3478","21","5","13.107.8.2","True","23","25"
"3478","20","5","13.107.8.2","True","26","38"
"3478","21","5","13.107.8.2","True","26","30"
"3478","20","5","13.107.8.2","True","21","23"
"3478","23","5","13.107.8.2","True","25","29"
"3478","20","5","13.107.8.2","True","24","34"
"3478","20","5","13.107.8.2","True","24","32"
"3478","21","5","13.107.8.2","True","31","43"
"3478","22","5","13.107.8.2","True","23","24"
"3478","25","5","13.107.8.2","True","60","109"
"3478","20","5","13.107.8.2","True","32","64"
"3478","23","5","13.107.8.2","True","30","44"
"3478","20","5","13.107.8.2","True","24","34"
"3478","20","5","13.107.8.2","True","22","25"
"3478","20","5","13.107.8.2","True","27","49"
"3478","20","5","13.107.8.2","True","22","25"
"3478","22","5","13.107.8.2","True","24","28"
"3478","19","5","13.107.8.2","True","24","29"
"3478","22","5","13.107.8.2","True","26","29"
"3478","21","5","13.107.8.2","True","23","28"
"3478","22","5","13.107.8.2","True","23","24"
"3478","19","5","13.107.8.2","True","21","23"
"3478","43","5","13.107.8.2","True","52","64"
"3478","36","5","13.107.8.2","True","43","50"
"3478","52","5","13.107.8.2","True","54","55"
"3478","22","5","13.107.8.2","True","24","27"
"3478","21","5","13.107.8.2","True","26","29"
"3478","21","5","13.107.8.2","True","23","25"
"3478","20","5","13.107.8.2","True","23","28"
"3478","20","5","13.107.8.2","True","26","38"
"3478","22","5","13.107.8.2","True","26","32"
"3478","22","5","13.107.8.2","True","26","27"
"3478","22","5","13.107.8.2","True","24","25"
"3478","22","5","13.107.8.2","True","24","26"
"3478","22","5","13.107.8.2","True","31","59"
"3478","24","5","13.107.8.2","True","32","62"
"3478","24","5","13.107.8.2","True","26","29"
"3478","22","5","13.107.8.2","True","25","33"
"3478","21","5","13.107.8.2","True","22","24"
"3478","22","5","13.107.8.2","True","27","41"
"3478","22","5","13.107.8.2","True","32","62"
"3478","20","5","13.107.8.2","True","23","27"
"3478","22","5","13.107.8.2","True","26","31"
"3478","24","5","13.107.8.2","True","27","32"
"3478","21","5","13.107.8.2","True","23","25"
"3478","20","5","13.107.8.2","True","23","27"
"3478","25","5","13.107.8.2","True","26","29"
"3478","22","5","13.107.8.2","True","25","29"
"3478","20","5","13.107.8.2","True","21","23"
"3478","22","5","13.107.8.2","True","24","27"
"3478","21","5","13.107.8.2","True","22","24"
"3478","21","5","13.107.8.2","True","25","29"
"3478","24","5","13.107.8.2","True","25","27"
"3478","21","5","13.107.8.2","True","25","30"
"3478","22","5","13.107.8.2","True","25","30"
"3478","21","5","13.107.8.2","True","29","55"
"3478","20","5","13.107.8.2","True","22","26"
"3478","25","5","13.107.8.2","True","29","34"
"3478","21","5","13.107.8.2","True","28","45"
"3478","20","5","13.107.8.2","True","22","24"
"3478","29","5","13.107.8.2","True","33","45"
"3478","20","5","13.107.8.2","True","26","41"
"3478","20","5","13.107.8.2","True","21","22"
"3478","22","5","13.107.8.2","True","23","25"
"3478","22","5","13.107.8.2","True","25","27"
"3478","23","5","13.107.8.2","True","31","58"
"3478","25","5","13.107.8.2","True","35","66"
"3478","23","5","13.107.8.2","True","25","28"
"3478","22","5","13.107.8.2","True","25","27"
"3478","24","5","13.107.8.2","True","38","67"
"3478","22","5","13.107.8.2","True","25","30"
"3478","20","5","13.107.8.2","True","22","24"
"3478","20","5","13.107.8.2","True","26","31"
"3478","22","5","13.107.8.2","True","25","27"
"3478","22","5","13.107.8.2","True","24","27"
"3478","21","5","13.107.8.2","True","22","23"
"3478","28","5","13.107.8.2","True","34","49"
"3478","20","5","13.107.8.2","True","29","56"
"3478","21","5","13.107.8.2","True","23","27"
"3478","21","5","13.107.8.2","True","24","30"
"3478","23","5","13.107.8.2","True","27","30"
"3478","21","5","13.107.8.2","True","23","25"
"3478","25","5","13.107.8.2","True","37","75"
"3478","21","5","13.107.8.2","True","23","25"
"3478","23","5","13.107.8.2","True","25","26"
"3478","24","5","13.107.8.2","True","31","55"
"3478","23","5","13.107.8.2","True","36","58"
"3478","23","5","13.107.8.2","True","25","29"
"3478","22","5","13.107.8.2","True","24","28"
"3478","21","5","13.107.8.2","True","24","25"
"3478","21","5","13.107.8.2","True","32","57"
"3478","21","5","13.107.8.2","True","22","24"
"3478","20","5","13.107.8.2","True","22","23"
"3478","20","5","13.107.8.2","True","23","27"
"3478","23","5","13.107.8.2","True","25","29"
"3478","24","5","13.107.8.2","True","24","25"
"3478","23","5","13.107.8.2","True","26","33"
"3478","21","5","13.107.8.2","True","33","77"
"3478","20","5","13.107.8.2","True","22","25"
"3478","22","5","13.107.8.2","True","25","31"
"3478","26","5","13.107.8.2","True","39","53"
"3478","21","5","13.107.8.2","True","25","35"
"3478","20","5","13.107.8.2","True","22","24"
"3478","20","5","13.107.8.2","True","29","56"
"3478","20","5","13.107.8.2","True","21","24"
"3478","21","5","13.107.8.2","True","24","27"
"3478","22","5","13.107.8.2","True","25","31"
"3478","21","5","13.107.8.2","True","30","52"
"3478","23","5","13.107.8.2","True","53","136"
"3478","24","5","13.107.8.2","True","42","70"
"3478","20","5","13.107.8.2","True","22","25"
"3478","21","5","13.107.8.2","True","22","25"
"3478","21","5","13.107.8.2","True","24","29"
"3478","20","5","13.107.8.2","True","67","158"
"3478","20","5","13.107.8.2","True","20","22"
"3478","21","5","13.107.8.2","True","33","53"
"3478","20","5","13.107.8.2","True","23","26"
"3478","22","5","13.107.8.2","True","23","24"
"3478","21","5","13.107.8.2","True","23","26"
"3478","29","5","13.107.8.2","True","54","111"
"3478","20","5","13.107.8.2","True","31","68"
"3478","20","5","13.107.8.2","True","26","35"
"3478","21","5","13.107.8.2","True","26","44"
"3478","20","5","13.107.8.2","True","22","24"
"3478","23","5","13.107.8.2","True","26","31"
"3478","21","5","13.107.8.2","True","29","53"
"3478","20","5","13.107.8.2","True","27","44"
"3478","20","5","13.107.8.2","True","21","24"
"3478","20","5","13.107.8.2","True","24","30"
"3478","20","5","13.107.8.2","True","33","74"
"3478","24","5","13.107.8.2","True","27","28"
"3478","21","5","13.107.8.2","True","23","29"
"3478","21","5","13.107.8.2","True","25","32"
"3478","20","5","13.107.8.2","True","30","68"
"3478","20","5","13.107.8.2","True","31","54"
"3478","21","5","13.107.8.2","True","30","58"
"3478","23","5","13.107.8.2","True","26","30"
"3478","23","5","13.107.8.2","True","33","44"
"3478","20","5","13.107.8.2","True","22","26"
"3478","22","5","13.107.8.2","True","59","196"
"3478","20","5","13.107.8.2","True","22","24"
"3478","20","5","13.107.8.2","True","21","22"
"3478","20","5","13.107.8.2","True","25","28"
"3478","20","5","13.107.8.2","True","23","25"
"3478","20","5","13.107.8.2","True","23","26"
"3478","22","5","13.107.8.2","True","32","69"
"3478","20","5","13.107.8.2","True","22","25"
"3478","20","5","13.107.8.2","True","23","28"
"3478","21","5","13.107.8.2","True","25","31"
"3478","21","5","13.107.8.2","True","32","50"
"3478","23","5","13.107.8.2","True","30","50"
"3478","20","5","13.107.8.2","True","23","29"
"3478","20","5","13.107.8.2","True","22","25"
"3478","21","5","13.107.8.2","True","21","23"
"3478","22","5","13.107.8.2","True","25","27"
"3478","20","5","13.107.8.2","True","23","25"
"3478","22","5","13.107.8.2","True","25","29"
"3478","23","5","13.107.8.2","True","29","36"
"3478","21","5","13.107.8.2","True","23","25"
"3478","23","5","13.107.8.2","True","26","29"
"3478","23","5","13.107.8.2","True","31","53"
"3478","21","5","13.107.8.2","True","33","70"
"3478","20","5","13.107.8.2","True","31","45"
"3478","23","5","13.107.8.2","True","32","45"
"3478","22","5","13.107.8.2","True","25","30"
"3478","21","5","13.107.8.2","True","25","31"
"3478","22","5","13.107.8.2","True","23","23"
"3478","20","5","13.107.8.2","True","23","25"
"3478","20","5","13.107.8.2","True","21","21"
"3478","22","5","13.107.8.2","True","24","26"
"3478","21","5","13.107.8.2","True","22","24"
"3478","21","5","13.107.8.2","True","23","25"
"3478","21","5","13.107.8.2","True","25","33"
"3478","20","5","13.107.8.2","True","33","56"
"3478","20","5","13.107.8.2","True","24","28"
"3478","21","5","13.107.8.2","True","50","92"
"3478","21","5","13.107.8.2","True","22","24"
"3478","20","5","13.107.8.2","True","22","24"
"3478","20","5","13.107.8.2","True","22","23"
"3478","20","5","13.107.8.2","True","22","24"
"3478","20","5","13.107.8.2","True","22","26"
"3478","20","5","13.107.8.2","True","29","58"
"3478","21","5","13.107.8.2","True","22","24"
"3478","20","5","13.107.8.2","True","23","31"
"3478","21","5","13.107.8.2","True","22","23"
"3478","22","5","13.107.8.2","True","45","127"
"3478","21","5","13.107.8.2","True","23","29"
"3478","20","5","13.107.8.2","True","23","25"
"3478","21","5","13.107.8.2","True","23","24"
"3478","20","5","13.107.8.2","True","21","23"
"3478","21","5","13.107.8.2","True","26","43"
"3478","40","5","13.107.8.2","True","48","64"
"3478","20","5","13.107.8.2","True","22","24"
"3478","22","5","13.107.8.2","True","29","35"
"3478","19","5","13.107.8.2","True","29","43"
"3478","21","5","13.107.8.2","True","23","26"
"3478","20","5","13.107.8.2","True","21","22"
"3478","20","5","13.107.8.2","True","21","24"
"3478","20","5","13.107.8.2","True","24","29"
"3478","20","5","13.107.8.2","True","32","65"
"3478","21","5","13.107.8.2","True","23","28"
"3478","22","5","13.107.8.2","True","25","28"
"3478","21","5","13.107.8.2","True","23","24"
"3478","21","5","13.107.8.2","True","23","25"
"3478","20","5","13.107.8.2","True","35","78"
"3478","20","5","13.107.8.2","True","22","23"
"3478","21","5","13.107.8.2","True","24","25"
"3478","20","5","13.107.8.2","True","21","21"
"3478","22","5","13.107.8.2","True","24","25"
"3478","19","5","13.107.8.2","True","21","24"
"3478","20","5","13.107.8.2","True","22","26"
"3478","19","5","13.107.8.2","True","21","24"
"3478","21","5","13.107.8.2","True","25","30"
"3478","22","5","13.107.8.2","True","23","24"
"3478","21","5","13.107.8.2","True","25","34"
"3478","20","5","13.107.8.2","True","23","25"
"3478","20","5","13.107.8.2","True","22","23"
"3478","20","5","13.107.8.2","True","23","26"
"3478","20","5","13.107.8.2","True","24","27"
"3478","21","5","13.107.8.2","True","22","24"
"3478","23","5","13.107.8.2","True","25","27"
"3478","20","5","13.107.8.2","True","21","22"
"3478","22","5","13.107.8.2","True","35","77"
"3478","20","5","13.107.8.2","True","21","23"
"3478","19","5","13.107.8.2","True","21","23"
"3478","20","5","13.107.8.2","True","25","40"
"3478","20","5","13.107.8.2","True","24","26"
"3478","21","5","13.107.8.2","True","22","23"
"3478","20","5","13.107.8.2","True","21","22"
"3478","19","5","13.107.8.2","True","23","30"
"3478","21","5","13.107.8.2","True","22","23"
"3478","20","5","13.107.8.2","True","21","22"
"3478","20","5","13.107.8.2","True","23","26"
"3478","23","5","13.107.8.2","True","27","33"
"3478","20","5","13.107.8.2","True","25","30"
"3478","22","5","13.107.8.2","True","24","27"
"3478","21","5","13.107.8.2","True","22","24"
"3478","20","5","13.107.8.2","True","21","22"
"3478","20","5","13.107.8.2","True","21","22"
"3478","20","5","13.107.8.2","True","22","24"
"3478","20","5","13.107.8.2","True","35","75"
"3478","20","5","13.107.8.2","True","20","20"
"3478","21","5","13.107.8.2","True","23","24"
"3478","20","5","13.107.8.2","True","30","67"
"3478","21","5","13.107.8.2","True","22","23"
"3478","20","5","13.107.8.2","True","24","30"
"3478","20","5","13.107.8.2","True","22","23"
"3478","21","5","13.107.8.2","True","22","24"
"3478","20","5","13.107.8.2","True","21","22"
"3478","19","5","13.107.8.2","True","22","25"
"3478","20","5","13.107.8.2","True","22","24"
"3478","20","5","13.107.8.2","True","22","24"
"3478","19","5","13.107.8.2","True","21","23"
"3478","20","5","13.107.8.2","True","26","44"
"3478","20","5","13.107.8.2","True","21","22"
"3478","20","5","13.107.8.2","True","26","46"
"3478","24","5","13.107.8.2","True","32","57"
"3478","20","5","13.107.8.2","True","22","24"
"3478","51","5","13.107.8.2","True","55","57"
"3478","22","5","13.107.8.2","True","31","57"
"3478","20","5","13.107.8.2","True","21","22"
"3478","20","5","13.107.8.2","True","22","23"
"3478","20","5","13.107.8.2","True","22","23"
"3478","21","5","13.107.8.2","True","22","25"
"3478","24","5","13.107.8.2","True","27","32"
"3478","20","5","13.107.8.2","True","23","26"
"3478","19","5","13.107.8.2","True","66","238"
"3478","20","5","13.107.8.2","True","22","25"
"3478","20","5","13.107.8.2","True","22","23"
"3478","21","5","13.107.8.2","True","23","26"
"3478","20","5","13.107.8.2","True","21","22"
"3478","20","5","13.107.8.2","True","25","38"
"3478","19","5","13.107.8.2","True","30","50"
"3478","22","5","13.107.8.2","True","26","34"
"3478","20","5","13.107.8.2","True","23","27"
"3478","21","5","13.107.8.2","True","25","37"
"3478","19","5","13.107.8.2","True","50","163"
"3478","31","5","13.107.8.2","True","33","35"
"3478","20","5","13.107.8.2","True","22","24"
"3478","20","5","13.107.8.2","True","22","24"
"3478","20","5","13.107.8.2","True","24","31"
"3478","20","5","13.107.8.2","True","33","41"
"3478","19","5","13.107.8.2","True","29","52"
"3478","20","5","13.107.8.2","True","22","23"
"3478","19","5","13.107.8.2","True","22","28"
"3478","20","5","13.107.8.2","True","28","52"
"3478","19","5","13.107.8.2","True","22","28"
"3478","23","5","13.107.8.2","True","30","38"
"3478","19","5","13.107.8.2","True","25","31"
"3478","20","5","13.107.8.2","True","24","29"
"3478","20","5","13.107.8.2","True","20","21"
"3478","20","5","13.107.8.2","True","21","22"
"3478","21","5","13.107.8.2","True","21","22"
"3478","24","5","13.107.8.2","True","27","31"
"3478","19","5","13.107.8.2","True","20","22"
"3478","20","5","13.107.8.2","True","20","21"
"3478","20","5","13.107.8.2","True","26","48"
"3478","20","5","13.107.8.2","True","23","26"
"3478","22","5","13.107.8.2","True","24","27"
"3478","20","5","13.107.8.2","True","24","30"
"3478","19","5","13.107.8.2","True","21","23"
"3478","19","5","13.107.8.2","True","20","22"
"3478","21","5","13.107.8.2","True","25","32"
"3478","20","5","13.107.8.2","True","23","30"
"3478","20","5","13.107.8.2","True","22","24"
"3478","21","5","13.107.8.2","True","24","27"
"3478","20","5","13.107.8.2","True","22","24"
"3478","22","5","13.107.8.2","True","23","24"
"3478","20","5","13.107.8.2","True","21","24"
"3478","20","5","13.107.8.2","True","21","23"
"3478","19","5","13.107.8.2","True","22","25"
"3478","23","5","13.107.8.2","True","26","31"
"3478","20","5","13.107.8.2","True","33","80"
"3478","23","5","13.107.8.2","True","25","27"
"3478","19","5","13.107.8.2","True","22","25"
"3478","20","5","13.107.8.2","True","31","49"
"3478","20","5","13.107.8.2","True","22","25"
"3478","19","5","13.107.8.2","True","23","28"
"3478","22","5","13.107.8.2","True","27","35"
"3478","19","5","13.107.8.2","True","20","22"
"3478","20","5","13.107.8.2","True","22","24"
"3478","21","5","13.107.8.2","True","22","25"
"3478","19","5","13.107.8.2","True","23","33"
"3478","21","5","13.107.8.2","True","23","27"
"3478","24","5","13.107.8.2","True","26","31"
"3478","19","5","13.107.8.2","True","23","26"
"3478","21","5","13.107.8.2","True","22","26"
"3478","20","5","13.107.8.2","True","22","25"
"3478","20","5","13.107.8.2","True","23","26"
"3478","20","5","13.107.8.2","True","21","23"
"3478","23","5","13.107.8.2","True","32","50"
"3478","20","5","13.107.8.2","True","26","42"
"3478","20","5","13.107.8.2","True","21","23"
"3478","21","5","13.107.8.2","True","26","35"
"3478","20","5","13.107.8.2","True","32","72"
"3478","19","5","13.107.8.2","True","24","27"
"3478","20","5","13.107.8.2","True","22","23"
"3478","21","5","13.107.8.2","True","33","77"
"3478","19","5","13.107.8.2","True","30","69"
"3478","22","4","13.107.8.2","True","92","200"
"3478","19","5","13.107.8.2","True","21","23"
"3478","20","5","13.107.8.2","True","24","30"
"3478","19","5","13.107.8.2","True","20","22"
"3478","21","5","13.107.8.2","True","30","56"
"3478","22","5","13.107.8.2","True","48","137"
"3478","19","5","13.107.8.2","True","21","23"
"3478","20","5","13.107.8.2","True","22","25"
"3478","19","5","13.107.8.2","True","21","23"
"3478","19","5","13.107.8.2","True","22","25"
"3478","20","5","13.107.8.2","True","22","27"
"3478","20","5","13.107.8.2","True","23","28"
"3478","19","5","13.107.8.2","True","22","24"
"3478","20","5","13.107.8.2","True","22","28"
"3478","20","5","13.107.8.2","True","21","22"
"3478","19","5","13.107.8.2","True","21","24"
"3478","20","5","13.107.8.2","True","23","25"
"3478","21","5","13.107.8.2","True","23","28"
"3478","20","5","13.107.8.2","True","21","22"
"3478","19","5","13.107.8.2","True","25","45"
"3478","20","5","13.107.8.2","True","21","22"
"3478","20","5","13.107.8.2","True","20","21"
"3478","19","5","13.107.8.2","True","21","24"
"3478","19","5","13.107.8.2","True","19","20"
"3478","19","5","13.107.8.2","True","20","22"
"3478","29","5","13.107.8.2","True","67","129"
"3478","23","5","13.107.8.2","True","30","49"
"3478","20","5","13.107.8.2","True","24","27"
"3478","21","5","13.107.8.2","True","28","42"
"3478","20","5","13.107.8.2","True","22","27"
"3478","20","5","13.107.8.2","True","21","23"
"3478","21","5","13.107.8.2","True","22","24"
"3478","20","5","13.107.8.2","True","24","30"
"3478","20","5","13.107.8.2","True","22","23"
"3478","20","5","13.107.8.2","True","21","25"
"3478","23","5","13.107.8.2","True","24","25"
"3478","20","5","13.107.8.2","True","21","23"
"3478","21","5","13.107.8.2","True","33","73"
"3478","21","5","13.107.8.2","True","22","23"
"3478","21","5","13.107.8.2","True","23","26"
"3478","21","5","13.107.8.2","True","25","30"
"3478","20","5","13.107.8.2","True","21","23"
"3478","19","5","13.107.8.2","True","20","21"
"3478","21","5","13.107.8.2","True","23","24"
"3478","22","5","13.107.8.2","True","30","49"
"3478","21","5","13.107.8.2","True","30","48"
"3478","20","5","13.107.8.2","True","22","24"
"3478","20","5","13.107.8.2","True","21","23"
"3478","20","5","13.107.8.2","True","28","43"
"3478","20","5","13.107.8.2","True","23","24"
"3478","20","5","13.107.8.2","True","22","26"
"3478","19","5","13.107.8.2","True","22","28"
"3478","20","5","13.107.8.2","True","21","23"
"3478","19","5","13.107.8.2","True","20","21"
"3478","20","5","13.107.8.2","True","22","24"
"3478","20","5","13.107.8.2","True","22","23"
"3478","20","5","13.107.8.2","True","23","26"
"3478","19","5","13.107.8.2","True","21","23"
"3478","19","5","13.107.8.2","True","21","22"
"3478","20","5","13.107.8.2","True","22","23"
"3478","20","5","13.107.8.2","True","24","25"
"3478","19","5","13.107.8.2","True","22","28"
"3478","20","5","13.107.8.2","True","21","22"
"3478","20","5","13.107.8.2","True","22","25"
"3478","20","5","13.107.8.2","True","22","24"
"3478","22","5","13.107.8.2","True","32","68"
"3478","20","5","13.107.8.2","True","22","24"
"3478","20","5","13.107.8.2","True","21","23"
"3478","20","5","13.107.8.2","True","22","25"
"3478","20","5","13.107.8.2","True","25","32"
"3478","19","5","13.107.8.2","True","23","27"
"3478","21","5","13.107.8.2","True","25","32"
"3478","20","5","13.107.8.2","True","21","21"
"3478","21","5","13.107.8.2","True","23","25"
"3478","20","5","13.107.8.2","True","21","23"
"3478","20","5","13.107.8.2","True","22","24"
"3478","20","5","13.107.8.2","True","30","66"
"3478","20","5","13.107.8.2","True","21","22"
"3478","20","5","13.107.8.2","True","21","23"
"3478","19","5","13.107.8.2","True","20","22"
"3478","20","5","13.107.8.2","True","21","24"
"3478","20","5","13.107.8.2","True","22","24"
"3478","21","5","13.107.8.2","True","30","48"
"3478","19","5","13.107.8.2","True","23","27"
"3478","19","5","13.107.8.2","True","22","30"
"3478","20","5","13.107.8.2","True","23","26"
"3478","21","5","13.107.8.2","True","23","24"
"3478","19","5","13.107.8.2","True","21","23"
"3478","19","5","13.107.8.2","True","21","25"
"3478","20","5","13.107.8.2","True","20","21"
"3478","20","5","13.107.8.2","True","23","24"
"3478","21","5","13.107.8.2","True","23","27"
"3478","20","5","13.107.8.2","True","22","27"
"3478","22","5","13.107.8.2","True","25","30"
"3478","21","5","13.107.8.2","True","23","26"
"3478","20","5","13.107.8.2","True","21","23"
"3478","23","5","13.107.8.2","True","24","25"
"3478","20","5","13.107.8.2","True","24","32"
"3478","19","5","13.107.8.2","True","21","22"
"3478","20","5","13.107.8.2","True","29","49"
"3478","22","5","13.107.8.2","True","25","27"
"3478","19","5","13.107.8.2","True","21","23"
"3478","19","5","13.107.8.2","True","23","31"
"3478","21","5","13.107.8.2","True","23","32"
"3478","21","5","13.107.8.2","True","23","30"
"3478","20","5","13.107.8.2","True","26","37"
"3478","20","5","13.107.8.2","True","25","36"
"3478","20","5","13.107.8.2","True","31","54"
"3478","19","5","13.107.8.2","True","25","36"
"3478","20","5","13.107.8.2","True","23","28"
"3478","20","5","13.107.8.2","True","21","23"
"3478","20","5","13.107.8.2","True","21","22"
"3478","20","5","13.107.8.2","True","21","24"
"3478","20","5","13.107.8.2","True","21","22"
"3478","20","5","13.107.8.2","True","24","29"
"3478","20","5","13.107.8.2","True","22","25"
"3478","20","5","13.107.8.2","True","23","24"
"3478","21","5","13.107.8.2","True","26","39"
"3478","21","5","13.107.8.2","True","28","53"
"3478","21","5","13.107.8.2","True","23","26"
"3478","19","5","13.107.8.2","True","27","47"
"3478","20","5","13.107.8.2","True","21","25"
"3478","20","5","13.107.8.2","True","23","31"
"3478","19","5","13.107.8.2","True","26","50"
"3478","20","5","13.107.8.2","True","34","63"
"3478","20","5","13.107.8.2","True","31","65"
"3478","20","5","13.107.8.2","True","25","39"
"3478","19","5","13.107.8.2","True","22","26"
"3478","21","5","13.107.8.2","True","22","23"
"3478","21","5","13.107.8.2","True","22","24"
"3478","20","5","13.107.8.2","True","29","59"
"3478","21","5","13.107.8.2","True","22","26"
"3478","19","5","13.107.8.2","True","20","22"
"3478","20","5","13.107.8.2","True","21","22"
"3478","21","5","13.107.8.2","True","23","28"
"3478","22","5","13.107.8.2","True","24","26"
"3478","20","5","13.107.8.2","True","21","23"
"3478","20","5","13.107.8.2","True","30","59"
"3478","20","5","13.107.8.2","True","23","30"
"3478","20","5","13.107.8.2","True","21","22"
"3478","21","5","13.107.8.2","True","29","58"
"3478","20","5","13.107.8.2","True","22","24"
"3478","24","5","13.107.8.2","True","26","33"
"3478","22","5","13.107.8.2","True","33","46"
"3478","22","5","13.107.8.2","True","30","39"
"3478","20","5","13.107.8.2","True","37","77"
"3478","20","5","13.107.8.2","True","22","23"
"3478","20","5","13.107.8.2","True","22","26"
"3478","21","5","13.107.8.2","True","24","28"
"3478","20","5","13.107.8.2","True","21","25"
"3478","20","5","13.107.8.2","True","40","80"
"3478","20","5","13.107.8.2","True","22","25"
"3478","21","5","13.107.8.2","True","23","24"
"3478","21","5","13.107.8.2","True","23","26"
"3478","23","5","13.107.8.2","True","27","31"
"3478","21","5","13.107.8.2","True","24","29"
"3478","22","5","13.107.8.2","True","28","44"
"3478","23","5","13.107.8.2","True","25","28"
"3478","21","5","13.107.8.2","True","23","25"
"3478","21","5","13.107.8.2","True","23","26"
